Symbol,Name,Sector,Price,Price or Earnings,Dividend Yield,Earnings or Share,Market Cap,EBITDA,Price or Sales,Price or Book
MMM,3M Company,Industrials,222.89,24.31,2.3328617,7.92,13872155226,948,4.39277,11.34
AOS,A.O. Smith Corp,Industrials,6.24,27.76,1.1479592,1.7,1783419933,61,3.5754826,6.35
ABT,Abbott Laboratories,Health Care,56.27,22.51,1.989824,0.26,121214236,5744,3.74484,3.19
ABBV,AbbVie Inc.,Health Care,18.48,19.41,2.4995599,3.29,18138634759,131,6.291571,26.14
ACN,Accenture plc,Information Technology,15.51,25.47,1.7144699,5.44,98765855553,5643228,2.64117,1.62
ATVI,Activision Blizzard,Information Technology,65.83,31.8,0.4319324,1.28,52518668144,274,1.59512,5.16
AYI,Acuity Brands Inc,Industrials,145.41,18.22,0.35118526,7.43,624237774,5878,1.7953473,3.55
ADBE,Adobe Systems Inc,Information Technology,185.16,52.31,,3.39,9455214268,25384,13.92818,11.6
AAP,Advance Auto Parts,Consumer Discretionary,19.63,19.54,0.2183274,6.19,8123611867,853941,1.13161,2.51
AMD,Advanced Micro Devices Inc,Information Technology,11.22,187,,0.3,11191663795,339,2.191955,21.47
AES,AES Corp,Utilities,1.6,9.96,4.961832,-1.72,692851212,31,0.65951383,2.2
AET,Aetna Inc,Health Care,178,18.11,1.11989,5.75,5919716353,4139,0.9923546,3.79
AMG,Affiliated Managers Group Inc,Financials,179.11,12.24,0.6387395,12.7,1442174371,12614,4.591235,2.89
AFL,AFLAC Inc,Financials,83.25,12.24,2.429966,11.1,33422948,,1.5429344,1.53
A,Agilent Technologies Inc,Health Care,65.5,27.45,0.8756979,2.1,2198466918,194,6.493563,4.56
APD,Air Products & Chemicals Inc,Materials,152.8,24.22,2.7811136,13.66,34638387128,25425,4.1163683,3.35
AKAM,Akamai Technologies Inc,Information Technology,62.49,32.55,,1.79,1969466,789517,5.8546524,3.25
ALK,Alaska Air Group Inc,Industrials,64.4,9.66,1.9928383,8.28,793173734,1665,0.98192,2.21
ALB,Albemarle Corp,Materials,15.18,26.3,1.24126,5.66,11782151266,6863,5.366625,2.98
ARE,Alexandria Real Estate Equities Inc,Real Estate,114.58,19.3,3.262272,1.57,1243374429,,1.492155,2.7
ALXN,Alexion Pharmaceuticals,Health Care,18.47,22.18,,1.77,26172439795,,9.72562,2.82
ALGN,Align Technology,Health Care,22.71,56.59,,2.84,1878841378,172,13.138819,16.44
ALLE,Allegion,Industrials,77.32,21.7,0.842,2.37,759969494,38326,4.265232,2.48
AGN,"Allergan, Plc",Health Care,164.2,1.65,1.643289,38.35,56668833898,5318,4.82115,0.83
ADS,Alliance Data Systems,Information Technology,24.6,13.2,0.924122,14.13,1363268582,-28881,1.7282298,8.28
LNT,Alliant Energy Corp,Utilities,37.14,19.86,3.5733333,1.65,8671635,21432,3.4331481,2.13
ALL,Allstate Corp,Financials,9.6,13.26,1.527828,4.68,3475946895,11684,1.285556,1.67
GOOGL,Alphabet Inc Class A,Information Technology,17.71,31.48,,22.27,7.34E+11,,6.81692,4.7
GOOG,Alphabet Inc Class C,Information Technology,11.52,4.29,,22.27,72853555814,34217,6.772653,4.67
MO,Altria Group Inc,Consumer Staples,64.5,18.89,3.9526875,5.31,12698511434,32714,4.945682,1.32
AMZN,Amazon.com Inc,Consumer Discretionary,135.5,296.16,,6.16,6.86E+11,1773,3.92753,24.28
AEE,Ameren Corp,Utilities,52.59,2.38,3.444964,2.68,129574496,16132,2.693119,1.79
AAL,American Airlines Group,Industrials,48.6,9.92,0.778211,3.91,24594852352,2298,0.5822565,6.3
AEP,American Electric Power,Utilities,63.38,17.32,3.8479443,1.24,3171916517,5761,2.7489934,1.81
AXP,American Express Co,Financials,88.34,15,1.4955667,2.9,84199,4458,2.273575,3.75
AIG,"American International Group, Inc.",Financials,58.28,23.22,2.1167521,-0.76,543673164,,1.4686536,0.75
AMT,American Tower Corp A,Real Estate,133.57,2.68,2,1.97,5921389264,,11.954137,9.22
AWK,American Water Works Company Inc,Utilities,76.6,26.23,2.129297,2.63,1396146184,3792383,5.553833,2.55
AMP,Ameriprise Financial,Financials,152.5,12.41,2.735743,9.44,23472126,1711,1.9493247,3.73
ABC,AmerisourceBergen Corp,Health Care,91.55,15.54,1.6132456,1.64,25877411,,0.17396984,9.73
AME,AMETEK Inc,Industrials,72.5,27.61,0.7551243,2.94,17139651923,991884,4.15368,4.54
AMGN,Amgen Inc,Health Care,173.12,13.76,2.975158,2.57,12813334,125763,5.58192,3.91
APH,Amphenol Corp,Information Technology,84.44,25.9,0.868971,2.5,26955335395,11945,3.85675,6.64
APC,Anadarko Petroleum Corp,Energy,56.2,-21.29,1.729973,-5.9,3212991747,16717,3.9682212,2.88
ADI,"Analog Devices, Inc.",Information Technology,82.68,17.67,2.18963,2.11,31811578855,3115,8.391,3.13
ANDV,Andeavor,Energy,96.9,18.78,2.3454583,6.13,15696449735,1663384,0.6618165,1.7
ANSS,ANSYS,Information Technology,148.84,42.53,,2.99,13155919129,2548,16.8134,5.79
ANTM,Anthem Inc.,Health Care,23.57,19.23,1.2581781,14.36,61221978627,458515,0.6696521,2.28
AON,Aon plc,Financials,136.5,2.8,1.245464,4.66,35123123422,,3.4972682,6.78
APA,Apache Corporation,Energy,37.73,-251.53,2.528445,-3.72,156628977,1858,3.651366,2.22
AIV,Apartment Investment & Management,Real Estate,38.21,15.6,3.876562,1.95,6156884142,3265,6.187621,4.69
AAPL,Apple Inc.,Information Technology,155.15,16.86,1.5795412,9.2,8958342,874871,3.458693,5.66
AMAT,Applied Materials Inc,Information Technology,45.75,14.8,0.8215239,3.17,5129648153,79386,4.72154,5.44
APTV,Aptiv Plc,Consumer Discretionary,89.27,69.74,0.9392678,5.5,2496533,4336,1.525798,7.56
ADM,Archer-Daniels-Midland Co,Consumer Staples,41.35,17.45,3.176181,2.17,2359477663,237,0.52478915,1.29
ARNC,Arconic Inc,Industrials,24.45,2.21,0.9561753,-0.21,121233,2927,0.94214815,
AJG,Arthur J. Gallagher & Co.,Financials,64.4,21.5,2.487138,2.54,1196848829,1517,1.94215,2.92
AIZ,Assurant Inc,Financials,85.16,33.27,2.5313594,9.8,4653993594,888,0.9821866,1.12
T,AT&T Inc,Telecommunication Services,35.57,12.14,5.4156513,4.76,22671327,,1.483152,1.8
ADSK,Autodesk Inc,Information Technology,14.81,-77.7,,-2.61,2434829454,49653,16.5682,224.13
ADP,Automatic Data Processing,Information Technology,18.25,29.34,2.219912,3.85,533772249,-3781,4.483294,12.86
AZO,AutoZone Inc,Consumer Discretionary,718.57,16.31,,44.9,1992221415,27674,1.851429,136.23
AVB,"AvalonBay Communities, Inc.",Real Estate,154.94,17.97,3.7149355,6.36,2185654743,234734,1.251216,2.12
AVY,Avery Dennison Corp,Materials,11.77,22.11,1.5682175,3.11,114814319,1331579,1.526499,8.83
BHGE,"Baker Hughes, a GE Company",Energy,27.5,35.56,2.4991322,-0.31,32995712852,8312,1.93945,2.25
BLL,Ball Corp,Materials,38.44,2.56,1.17354,0.85,13767688518,285,1.5696399,3.62
BAC,Bank of America Corp,Financials,29.74,16.34,1.536,1.55,3214782969,1317,3.211874,1.24
BAX,Baxter International Inc.,Health Care,62.56,25.12,0.97635394,1.29,35713732553,,3.4394414,3.77
BBT,BB&T Corporation,Financials,51.7,16.26,2.4526198,2.74,428756292,1832,3.455217,1.55
BDX,Becton Dickinson,Health Care,211.44,22.28,1.3518385,4.65,5911838,,5.6912947,3.98
BRK.B,Berkshire Hathaway,Financials,191.42,3.43,,9.76,2614123633,1537,1.4328232,1.58
BBY,Best Buy Co. Inc.,Consumer Discretionary,68.79,19.22,1.98541,3.81,2831186176,,0.76715523,4.79
BIIB,Biogen Inc.,Health Care,311.79,14.3,,11.94,69157726427,2555,5.737439,5.51
BLK,BlackRock,Financials,59.38,22.49,2.1643558,3.3,8597759858,65114,6.9158196,2.95
HRB,Block H&R,Financials,25.19,12.29,3.729638,1.92,5381433872,5684,2.188456,25.41
BA,Boeing Company,Industrials,329.66,27.29,1.9648397,13.47,2561745233,894754,2.15665,182.86
BWA,BorgWarner,Consumer Discretionary,51.94,14.15,1.2363636,0.55,11596117445,12476,1.5831376,2.89
BXP,Boston Properties,Real Estate,112.9,18.5,2.774462,2.93,17799878487,8679,6.839459,3.15
BSX,Boston Scientific,Health Care,25.2,2,,0.7,36142567,1546846,4.55685,4.78
BHF,Brighthouse Financial Inc,Financials,55.44,22.63,,-24.62,766613254,1726,1.4188358,0.51
BMY,Bristol-Myers Squibb,Health Care,62.69,2.83,2.5546863,2.65,12565196,,6.53231,6.75
AVGO,Broadcom,Information Technology,229.57,15.94,2.9488583,4.1,92791974933,517,6.961893,4.4
BF.B,Brown-Forman Corp.,Consumer Staples,63.33,37.4,1.1216964,1.7,54983352,716,1.8411398,12.36
CHRW,C. H. Robinson Worldwide,Industrials,9.47,26,1.987685,3.57,12932483889,1139,0.85282737,9.31
CA,"CA, Inc.",Information Technology,32.66,14.32,3,1.85,14175422936,86896,3.3742425,2.44
COG,Cabot Oil & Gas,Energy,23.1,6.55,1.269576,-0.92,188821635,1613,8.636729,4.21
CDNS,Cadence Design Systems,Information Technology,36.82,34.9,,0.74,1896252,44951,5.751737,1.98
CPB,Campbell Soup,Consumer Staples,44.83,14.84,3.125,2.89,13467193376,45567,2.389823,7.91
COF,Capital One Financial,Financials,91.8,11.85,1.636564,3.45,4763726,1683,1.593145,0.94
CAH,Cardinal Health Inc.,Health Care,66.63,12.29,2.8394227,4.4,2493281175,,0.21131156,3.3
KMX,Carmax Inc,Consumer Discretionary,64.34,19.44,,3.97,1182745376,1913,0.6913859,3.55
CCL,Carnival Corp.,Consumer Discretionary,66.76,17.48,2.641667,3.58,4918445,1339628,2.8147783,2
CAT,Caterpillar Inc.,Industrials,145.99,21.22,2.21518,1.26,918224946,4711,2.468428,5.75
CBOE,CBOE Holdings,Financials,111.15,35.6,0.9426963,2.27,1299829567,8136,8.24942,5.15
CBG,CBRE Group,Real Estate,41.92,15.82,,1.69,1444591731,48846,1.4622321,3.74
CBS,CBS Corp.,Consumer Discretionary,51.8,12.5,1.347354,2.81,2431395736,1652961,2.15517,6.91
CELG,Celgene Corp.,Health Care,91.2,13.27,,3.58,7492179154,2841,5.8371,7.49
CNC,Centene Corporation,Health Care,1.36,19.12,,3.23,181249456,5233,0.528663,2.58
CNP,CenterPoint Energy,Utilities,25.85,19.73,4.219256,1,1136243297,263,1.6262617,3.21
CTL,CenturyLink Inc,Telecommunication Services,16.2,8.35,12.661196,1.16,18237196861,2337,1.4795984,1.39
CERN,Cerner,Health Care,61.22,27.9,,1.84,2111697598,5577,5.556412,4.62
CF,CF Industries Holdings Inc,Materials,37.46,-59.46,3.395136,-1.2,92916695,152344,3.44448,2.81
SCHW,Charles Schwab Corporation,Financials,48.9,29.82,0.76878726,1.61,6975188843,711,7.949615,4.51
CHTR,Charter Communications,Consumer Discretionary,348.65,162.92,,34.8,8678878113,,2.128634,2.27
CHK,Chesapeake Energy,Energy,2.82,4.7,,-6.44,262612121,14694,0.4765184,1.84
CVX,Chevron Corp.,Energy,112.3,27.52,3.885853,4.85,21897882159,147,1.6489863,1.71
CMG,Chipotle Mexican Grill,Consumer Discretionary,266.1,45.86,,0.8,768528397,28877,2.5523853,6.11
CB,Chubb Limited,Financials,14.39,17.5,1.9251627,8.2,6842467566,41293,2.985637,1.35
CHD,Church & Dwight,Consumer Staples,47.38,24.42,1.836654,2.92,11838963451,,3.1682448,6.28
CI,CIGNA Corp.,Health Care,189.27,18.11,0.2466639,7.2,47689148,868,1.55762,3.39
XEC,Cimarex Energy,Energy,1.19,26.37,0.3214334,-4.64,1898225,,7.556446,4.28
CINF,Cincinnati Financial,Financials,7.34,27.48,2.91894,3.55,1191653318,16156,2.756679,1.6
CTAS,Cintas Corporation,Industrials,149.32,32.75,1.344827,4.38,16676145923,,2.761457,6.53
CSCO,Cisco Systems,Information Technology,38.77,17.87,2.8755577,1.91,1.99E+11,197295,5.484418,3.7
C,Citigroup Inc.,Financials,71.87,13.48,1.768943,-3.1,1927932,15447,2.1857586,0.9
CFG,Citizens Financial Group,Financials,42.19,16.4,1.9625335,3.27,2285974,,3.3917346,1.8
CTXS,Citrix Systems,Information Technology,84.53,2.37,,-0.24,13199167493,,4.7538714,6.73
CME,CME Group Inc.,Financials,153.4,32.15,3.6828613,11.94,54423298745,81268,14.88186,2.51
CMS,CMS Energy,Utilities,41.77,21.42,3.391847,1.99,1187396824,28518,2.4711676,2.65
KO,Coca-Cola Company (The),Consumer Staples,43.1,22.8,3.3213644,1.49,18985533561,299,6.822138,8.65
CTSH,Cognizant Technology Solutions,Information Technology,75.16,22.44,1.454783,2.54,4511968467,8589,3.9678397,3.94
CL,Colgate-Palmolive,Consumer Staples,68.95,24.2,2.281766,2.28,61616643498,2946,4.737,236.42
CMCSA,Comcast Corp.,Consumer Discretionary,38.19,18.54,1.892917,4.74,1.86E+11,464,2.1797748,2.65
CMA,Comerica Inc.,Financials,89.18,18.89,1.2823253,4.13,16274969256,28675,4.95472,1.96
CAG,Conagra Brands,Consumer Staples,35.49,18.2,2.3683476,1.46,14379717835,,1.8294994,3.86
CXO,Concho Resources,Energy,14.9,84.39,,-11.4,2221882339,12812,12.271951,2.61
COP,ConocoPhillips,Energy,53.24,72.93,2.49254,-0.65,6548246241,215119,2.764177,2.16
ED,Consolidated Edison,Utilities,74.73,18.64,3.81595,4.1,23335777662,5328,2.96244,1.58
STZ,Constellation Brands,Consumer Staples,28.73,3.92,0.9712818,8.71,41697453163,4288,5.145596,5.14
GLW,Corning Inc.,Information Technology,28.45,16.45,2.791416,-0.78,2575928346,3333,2.544682,1.71
COST,Costco Wholesale Corp.,Consumer Staples,178.61,3.69,1.917627,6.9,84398458,297,0.6123885,7.24
COTY,"Coty, Inc",Consumer Staples,19.96,24.64,2.86412,-0.63,131111254,5679,2.61796,1.37
CCI,Crown Castle International Corp.,Real Estate,13.81,21.45,3.86269,1.2,4418323189,2114,1.125291,3.54
CSRA,CSRA Inc.,Information Technology,3.85,15.12,1.275917,1.83,513451276,22926,1.3324839,11.37
CSX,CSX Corp.,Industrials,5.47,21.94,1.512888,6.7,473451177,543,4.216355,4.27
CMI,Cummins Inc.,Industrials,165.73,16.83,2.58683,8.23,2866923787,53,1.946168,3.89
CVS,CVS Health,Consumer Staples,7.55,12.36,2.6899798,4.91,75323141722,2924,0.549852,2.13
DHI,D. R. Horton,Consumer Discretionary,44.55,16.32,1.81469,2.73,1739873686,1174,1.193122,2.17
DHR,Danaher Corp.,Health Care,92.16,22.87,0.5879265,3.53,6635115,1691,3.688278,2.65
DRI,Darden Restaurants,Consumer Discretionary,91.33,22.72,2.653997,3.81,1174559532,43398,1.5278828,5.89
DVA,DaVita Inc.,Health Care,71.91,2.55,,4.3,13685178,9976,1.1451397,2.79
DE,Deere & Co.,Industrials,153.66,23.14,1.486624,6.64,52186628646,2252294,2.3746448,5.31
DAL,Delta Air Lines Inc.,Industrials,51.23,1.37,2.2655525,4.94,3839363535,4533,0.91792434,2.67
XRAY,Dentsply Sirona,Health Care,56.85,22.65,0.63435,1.99,1339513478,8348,4.626262,1.8
DVN,Devon Energy Corp.,Energy,34.94,23.93,0.6528836,-6.89,1931738,-4111,2.6648,2.85
DLR,Digital Realty Trust Inc,Real Estate,98.96,16.55,3.571857,2.19,214952517,3723,12.434961,2.32
DFS,Discover Financial Services,Financials,72.4,12.13,1.826967,5.41,2743354,126662,2.361325,2.52
DISCA,Discovery Communications-A,Consumer Discretionary,22.87,11,,1.96,8763756733,,1.8488,1.5
DISCK,Discovery Communications-C,Consumer Discretionary,21.58,1.37,,1.96,832262123,21,1.7147918,1.43
DISH,Dish Network,Consumer Discretionary,43.77,16.9,,3.6,213271956,21,1.8521843,3.76
DG,Dollar General,Consumer Discretionary,95.1,21.18,1.625255,4.43,2658644874,2754331,1.5283886,4.53
DLTR,Dollar Tree,Consumer Discretionary,11.58,26.66,,3.77,25151198417,245764,1.697589,4.8
D,Dominion Energy,Utilities,73.31,2.42,4.5281997,4.91,4754357186,2433,3.7954214,2.96
DOV,Dover Corp.,Industrials,96.2,23.87,1.881553,5.15,15566645713,6428,1.986176,3.59
DWDP,DowDuPont,Materials,68.21,49.43,2.1529746,1.59,16523312427,1513291,2.6922395,1.54
DPS,Dr Pepper Snapple Group,Consumer Staples,116.93,26.57,1.966116,4.54,2129783858,525,4.2149186,9.99
DTE,DTE Energy Co.,Utilities,98.49,19.12,3.5559585,4.82,178873691,157,1.991922,1.95
DUK,Duke Energy,Utilities,74.32,16.7,4.7849464,3.12,5278185682,279,2.9348857,1.27
DRE,Duke Realty Corp,Real Estate,24.52,19.77,3.153338,0.88,935293365,9895,16.77257,1.94
DXC,DXC Technology,Information Technology,91.92,79.93,0.7493755,-0.89,27486212,529483,1.959855,2.26
ETFC,E*Trade,Financials,48.48,22.14,,2.15,13754977266,1628,5.689136,2.15
EMN,Eastman Chemical,Materials,93.57,12.28,2.263835,1.12,1422683813,,1.494785,2.78
ETN,Eaton Corporation,Industrials,79.41,17.8,2.944557,6.68,35961772,2152,1.8161736,2.17
EBAY,eBay Inc.,Information Technology,41.2,24.86,,-1.7,44216696399,4253,4.672185,3.8
ECL,Ecolab Inc.,Materials,127.76,28.8,1.2319711,4.14,3846272282,2941,3.736687,5.28
EIX,Edison Int'l,Utilities,58.7,13.23,4.54283,3.96,1944767886,28486,2.16195,1.59
EW,Edwards Lifesciences,Health Care,123.78,32.57,,2.88,2744799863,4284,7.8283277,8.48
EA,Electronic Arts,Information Technology,116.54,34.48,,3.7,3789226992,11567,7.4415817,8.54
EMR,Emerson Electric Company,Industrials,66.4,25.74,2.813225,2.35,444298425,156,3.677752,5.1
ETR,Entergy Corp.,Utilities,72.2,1.65,4.892126,-3.26,13116894887,2542,1.5543115,1.54
EVHC,Envision Healthcare,Health Care,35.34,1.91,,-0.48,4212729247,887,1.22799,0.64
EOG,EOG Resources,Energy,11.4,246.44,0.633397,-1.98,611643149,8272,8.232,4.55
EQT,EQT Corporation,Energy,46.25,53.16,0.2518363,-2.69,1263882895,3692749,6.498737,2.15
EFX,Equifax Inc.,Industrials,114,19.3,1.326536,4.4,14121334618,151835,5.633858,4.59
EQIX,Equinix,Real Estate,49.98,23.6,1.8775817,1.77,33333813618,11412,1.639136,5.14
EQR,Equity Residential,Real Estate,55.26,17.6,3.5437918,1.63,292558143,1687152,8.593619,2.9
ESS,"Essex Property Trust, Inc.",Real Estate,218.28,18.66,3.213812,6.27,14383525286,171686,14.183845,2.3
EL,Estee Lauder Cos.,Consumer Staples,131.46,37.78,1.1283498,3.35,49543264457,1237886,3.9522583,1.82
RE,Everest Re Group Ltd.,Financials,241.6,27.24,2.178234,23.71,1131892523,2478,2.991988,1.16
ES,Eversource Energy,Utilities,56.11,18.22,3.3397784,2.96,1827633617,,3.1134193,1.68
EXC,Exelon Corp.,Utilities,35.98,14.51,3.8174274,1.23,34734816899,2738713,1.3933871,1.26
EXPE,Expedia Inc.,Consumer Discretionary,123.3,3.99,0.92785895,1.81,1972217869,8548,2.574897,4.14
EXPD,Expeditors International,Industrials,6.36,25.26,1.35238,2.36,11467871,1481458,2.19319,5.55
ESRX,Express Scripts,Health Care,73.35,1.72,,5.39,4244965635,721643,0.57588416,2.65
EXR,Extra Space Storage,Real Estate,77.56,18.12,3.879632,2.92,1133547517,7393,12.24818,4.54
XOM,Exxon Mobil Corp.,Energy,76.7,21.37,4.31195,1.88,32614866,717468,1.771944,1.85
FFIV,F5 Networks,Information Technology,137.25,21.21,,6.51,8744185796,3952,4.12364,6.86
FB,"Facebook, Inc.",Information Technology,171.58,27.9,,5.39,52342336576,62994,13.241967,7.8
FAST,Fastenal Co,Industrials,52.15,27.2,2.7798648,2.1,15311373377,23624,3.472977,7.39
FRT,Federal Realty Investment Trust,Real Estate,18.11,18.35,3.5925992,3.5,87736856,196,12.89861,3.98
FDX,FedEx Corporation,Industrials,239.27,19.45,0.7963368,11.7,6728478816,54767,1.751684,3.9
FIS,Fidelity National Information Services,Information Technology,92.74,22.8,1.322724,1.72,323845968,862,4.738417,3.25
FITB,Fifth Third Bancorp,Financials,31.1,16.9,1.9789734,2.85,224376537,2782,2.882848,1.46
FE,FirstEnergy Corp,Utilities,3.64,11.18,4.67387,-14.49,13767572,,1.2994481,2.19
FISV,Fiserv Inc,Information Technology,133.5,27.32,,4.14,26918949723,-567,6.518713,11.54
FLIR,FLIR Systems,Information Technology,46.46,25.53,1.2396694,1.21,676992926,1911,5.137961,3.52
FLS,Flowserve Corporation,Industrials,4.82,26.17,1.8291216,1.12,5427884956,375267,2.8337,3.15
FLR,Fluor Corp.,Industrials,55.31,19.9,1.472658,1.99,797848559,46366,0.551642,2.4
FMC,FMC Corporation,Materials,8.87,32.48,0.785995,1.56,11273961835,79756,6.8935,5.26
FL,Foot Locker Inc,Consumer Discretionary,45.88,9.5,2.5827951,4.91,58198328,5578,1.362948,
F,Ford Motor,Consumer Discretionary,1.43,5.89,6.7843866,1.9,42414328338,957,0.275495,1.26
FTV,Fortive Corp,Industrials,69.14,25.5,0.395752,2.46,249165361,9281,5.1682673,7.17
FBHS,Fortune Brands Home & Security,Industrials,62.44,2.27,1.2618296,3.4,96241698,1583,1.8434572,3.76
BEN,Franklin Resources,Financials,38,12.67,2.332657,3,21759187973,8145,3.39911,1.83
FCX,Freeport-McMoRan Inc.,Materials,17.16,14.67,1.119828,1.24,2585396933,27113,1.6538345,3.66
GPS,Gap Inc.,Consumer Discretionary,31.17,15.35,2.823557,1.69,12684517721,5347,1.1289738,3.93
GRMN,Garmin Ltd.,Consumer Discretionary,61.13,21.23,3.2339885,2.69,118433167,1959,5.319881,3.14
IT,Gartner Inc,Information Technology,114.26,36.86,,2.31,1828314389,736798,4.894499,13.47
GD,General Dynamics,Industrials,26.5,2.71,1.5631542,9.55,64183971,234935,2.481362,5.45
GE,General Electric,Industrials,14.45,13.76,3.147541,-0.72,13224929625,4618,1.887611,1.7
GGP,General Growth Properties Inc.,Real Estate,21.62,13.86,4.5462,1.34,2118887283,-26,17.3777,2.57
GIS,General Mills,Consumer Staples,53.99,17.53,3.5864594,2.77,319824369,17454,2.389178,7.26
GM,General Motors,Consumer Discretionary,4.75,6.58,3.5857513,6,6153666173,3176,0.5633218,1.33
GPC,Genuine Parts,Consumer Discretionary,96.31,21.17,2.7198548,4.6,14554321748,23541,1.212236,4.33
GILD,Gilead Sciences,Health Care,78.22,8.16,2.754954,9.95,181682219,121517,5.287464,4.12
GPN,Global Payments Inc.,Information Technology,1.59,27.86,0.37622273,1.58,169223264,1759,5.775833,4.73
GS,Goldman Sachs Group,Financials,246.35,12.44,1.1668612,8.61,969785251,96345,2.39415,1.25
GT,Goodyear Tire & Rubber,Consumer Discretionary,3.75,9.92,1.673142,4.74,8244568238,,0.72725976,1.65
GWW,Grainger (W.W.) Inc.,Industrials,258.6,22.57,1.97643,1.2,146393825,244,1.3995146,8.1
HAL,Halliburton Co.,Energy,47.41,38.86,1.4489837,-0.53,4335655747,1279846,2.1424224,4.74
HBI,Hanesbrands Inc,Consumer Discretionary,19.57,1.4,2.732244,1.41,86268615,291,1.6339768,6.17
HOG,Harley-Davidson,Consumer Discretionary,47.54,13.7,3.218647,2.98,815894989,926153,1.66195,4.31
HRS,Harris Corporation,Information Technology,149.84,26.38,1.4922442,4.43,18147266,158817,2.9516637,5.88
HIG,Hartford Financial Svc.Gp.,Financials,53.34,14.34,1.791897,2.27,1992635632,1368,1.3939538,1.15
HAS,Hasbro Inc.,Consumer Discretionary,96.48,2.57,2.234833,4.34,12732721,,3.2375681,5.82
HCA,HCA Holdings,Health Care,95.97,14.7,1.4227642,5.94,34449528,128425,0.7251921,
HCP,HCP Inc.,Real Estate,22.64,1.99,6.33197,1.33,1967755538,822,8.12719,1.97
HP,Helmerich & Payne,Energy,64.87,-54.51,4.1499925,-1.2,734524386,1412684,3.7385862,1.62
HSIC,Henry Schein,Health Care,7.85,19.85,,3.1,11452961984,483673,1.262194,3.74
HES,Hess Corporation,Energy,43,-9.33,2.267596,-19.94,1416129999,133985,3.78475,1.8
HPE,Hewlett Packard Enterprise,Information Technology,15.4,11.57,1.92826,0.21,24885964,-819,1.469766,1.6
HLT,Hilton Worldwide Holdings Inc,Consumer Discretionary,78.66,36.42,0.7315289,1.5,26242415796,3683,3.7628453,17.67
HOLX,Hologic,Health Care,38.8,19.21,,2.64,1118149375,2815,4.8335,4
HD,Home Depot,Consumer Discretionary,181.22,28.1,1.861487,6.46,2.23E+11,1561,2.8964398,84.8
HON,Honeywell Int'l Inc.,Industrials,146.2,2.68,1.971299,2.8,11442216869,16513,2.8267899,5.71
HRL,Hormel Foods Corp.,Consumer Staples,32.21,2.39,2.297758,1.57,1733861396,8333,2.5174792,3.49
HST,Host Hotels & Resorts,Real Estate,18.75,11.23,4.113115,1.2,14394715334,142235,3.5549128,2.2
HPQ,HP Inc.,Information Technology,19.92,12.7,2.627628,1.49,3489529488,1547,0.895493,0.66
HUM,Humana Inc.,Health Care,262.37,22.39,0.6415,4.6,36973617235,37,0.9256895,3.33
HBAN,Huntington Bancshares,Financials,15.1,15.41,2.8132992,1,16766497291,,3.511212,1.72
HII,Huntington Ingalls Industries,Industrials,225.37,18.75,1.2264713,12.15,1628247899,,1.8924941,6.4
IDXX,IDEXX Laboratories,Health Care,169.28,53.57,,2.94,154228852,117,7.97525,196.21
INFO,IHS Markit Ltd.,Industrials,43.73,26.19,,1,17969275816,47837,5.64,2.24
ITW,Illinois Tool Works,Industrials,156.15,23.62,1.989574,4.86,5599437818,1189,3.9286149,1.99
ILMN,Illumina Inc,Health Care,29.54,52.25,,4.92,322952,3924,11.713953,1.89
INCY,Incyte,Health Care,83.92,-119.89,,0.54,1822961259,1192,17.2699,1.25
IR,Ingersoll-Rand PLC,Industrials,87.6,19.38,1.97397,5.7,227854569,-81686,1.6147361,3.34
INTC,Intel Corp.,Information Technology,42.75,12.32,2.6548672,1.98,211536,19871,3.348876,3.34
ICE,Intercontinental Exchange,Financials,67,22.95,5.4298644,2.37,4137351167,26247,9.619987,2.62
IBM,International Business Machines,Information Technology,147.59,1.67,3.899926,6.11,142433355,313,1.817167,7.7
IP,International Paper,Materials,56.5,15.57,3.26751,5.14,24465996443,16557,1.738261,4.99
IPG,Interpublic Group,Consumer Discretionary,21.34,15.46,3.382817,1.49,827736331,34,1.471293,4.1
IFF,Intl Flavors & Fragrances,Materials,138,24.17,1.9341276,5.5,11274447,1749,4.428813,6.34
INTU,Intuit Inc.,Information Technology,152.75,4.52,0.9672195,3.72,41233771565,699963,9.633731,33.5
ISRG,Intuitive Surgical Inc.,Health Care,381.87,48.58,,5.67,4486662133,1654,14.655261,9.48
IVZ,Invesco Ltd.,Financials,31.92,11.87,3.466826,2.74,1362847614,11537,2.6513786,1.62
IQV,IQVIA Holdings Inc.,Health Care,95.23,21.74,,0.76,2426488713,1662,2.847787,2.77
IRM,Iron Mountain Incorporated,Real Estate,32.7,15.42,7.8258,0.46,941249279,1542,3.2898626,4.97
JBHT,J. B. Hunt Transport Services,Industrials,114.81,3.62,0.813942,6.19,1294536635,111614,1.769742,8.55
JEC,Jacobs Engineering Group,Industrials,62.82,19.45,0.989532,2.43,9326484316,1739,1.2129636,2.1
SJM,JM Smucker,Consumer Staples,118.37,15.35,2.636885,5.1,13612394896,49832,2.496677,1.88
JNJ,Johnson & Johnson,Health Care,126.36,17.31,2.5566885,0.39,35362464971,14113,4.6326222,4.74
JCI,Johnson Controls International,Industrials,36.55,14,2.7659574,1.71,348222248,2243,1.1415336,1.69
JPM,JPMorgan Chase & Co.,Financials,17.88,15.43,1.9845841,6.3,386613611,4295,3.3714993,1.6
JNPR,Juniper Networks,Information Technology,24.66,14.9,1.5754234,0.78,926735,,1.8543326,1.78
KSU,Kansas City Southern,Industrials,13.53,19.8,1.3445379,9.16,11374988,11155,4.281897,2.39
K,Kellogg Co.,Consumer Staples,65.98,16.5,3.363962,1.95,22182794875,12954,2.3173764,11.5
KEY,KeyCorp,Financials,2.8,14.66,1.9876952,1.12,2258974492,1827,3.27451,1.55
KMB,Kimberly-Clark,Consumer Staples,111.69,17.93,3.5599859,6.41,39449596,,2.1947837,151.66
KIM,Kimco Realty,Real Estate,14.1,9.28,7.7134986,0.8,618487499,433,7.58943,1.2
KMI,Kinder Morgan,Energy,16.8,25.7,2.891845,0.1,38612712234,7119,2.823936,1.7
KLAC,KLA-Tencor Corp.,Information Technology,98.54,16.59,2.298855,5.88,167862233,5981,4.3395863,12.93
KSS,Kohl's Corp.,Consumer Discretionary,6.34,16.1,3.496536,3.12,157861198,156642,0.8557757,2.4
KHC,Kraft Heinz Co,Consumer Staples,71.58,2.11,3.399483,2.81,8961839338,2286,4.678853,1.54
KR,Kroger Co.,Consumer Staples,27.57,13.7,1.73139,2.5,25471355847,7832,0.27961263,4.2
LB,L Brands Inc.,Consumer Discretionary,47.77,12.77,4.886988,3.98,1386242842,5342,1.76977,143.38
LLL,L-3 Communications Holdings,Industrials,198.79,23.14,1.444465,8.51,16229343134,2329,1.488464,3.12
LH,Laboratory Corp. of America Holding,Health Care,165.46,17.79,,7.2,17271388,1137,2.2459624,2.71
LRCX,Lam Research,Information Technology,162.23,16.29,1.1652974,9.22,27967534829,18612,3.45293,4.52
LEG,Leggett & Platt,Consumer Discretionary,43.99,17.88,3.1454785,2.76,634648,2967218,2.3291,4.89
LEN,Lennar Corp.,Consumer Discretionary,59.11,15.35,0.26268265,3.38,14615967194,447,1.1468264,1.76
LUK,Leucadia National Corp.,Financials,23.86,15.39,1.599362,0.33,891389431,145319,1.41156,0.84
LLY,Lilly (Eli) & Co.,Health Care,74.21,17.34,2.9327424,-0.2,84475986228,221336,3.754678,5.73
LNC,Lincoln National,Financials,73.86,9.49,1.6813145,9.24,1712331,34598,1.21944,1.4
LKQ,LKQ Corporation,Consumer Discretionary,38.86,21.35,,1.5,12469931896,,1.72369,3.2
LMT,Lockheed Martin Corp.,Industrials,334.3,24.28,2.315954,6.83,981212,165614,1.8781451,45.55
L,Loews Corp.,Financials,46.5,15.99,4.5131636,1.93,16111166935,7115,1.589761,0.85
LOW,Lowe's Cos.,Consumer Discretionary,95.1,23.87,1.6413131,3.46,8299678852,,1.5653384,14.1
LYB,LyondellBasell,Materials,15.79,1.35,3.264714,12.25,4355665,7858,1.337612,5.86
MTB,M&T Bank Corp.,Financials,178.35,18.91,1.6218846,8.69,2784827434,6851,4.6277885,1.79
MAC,Macerich,Real Estate,58.36,14.81,4.917764,3.43,8473119166,,11.394877,2.24
M,Macy's Inc.,Consumer Discretionary,24,7.67,6.98546,1.98,754163495,53183,0.455328,1.69
MRO,Marathon Oil Corp.,Energy,15.68,-32,1.2247398,-2.65,138755314,2446,4.6578755,
MPC,Marathon Petroleum,Energy,62.79,16.6,2.8268552,6.85,3163374,2266,0.42713487,2.43
MAR,Marriott Int'l.,Consumer Discretionary,133.88,32.73,0.9452879,2.67,59113358,5978,2.9997249,11.2
MMC,Marsh & McLennan,Financials,79.31,2.23,1.825759,2.87,4181944,262,2.9848945,5.85
MLM,Martin Marietta Materials,Materials,28.42,3.38,0.84238,6.63,13756812736,3236,4.416998,3.3
MAS,Masco Corp.,Industrials,4.7,22.12,0.98383695,1.47,13428792315,975223,2.38266,11.93
MA,Mastercard Inc.,Information Technology,16.62,34.99,0.5926628,3.65,1871214193,1179,15.2556,26.93
MAT,Mattel Inc.,Consumer Discretionary,16,-14.68,,-3.6,58434235,7113,1.1863722,3.87
MKC,McCormick & Co.,Consumer Staples,11.36,23.91,2.26156,3.73,13459353253,-23599,2.7788277,5.2
MCD,McDonald's Corp.,Consumer Discretionary,158.97,23.83,2.437994,6.36,13211623787,8157,5.77237,146.7
MCK,McKesson Corp.,Health Care,15.23,11.68,0.8898776,22.74,3153484262,15154,0.15318617,2.68
MDT,Medtronic plc,Health Care,78.38,17.4,2.2618315,2.89,1117623,7232,4.944542,2.14
MRK,Merck & Co.,Health Care,54.73,13.75,3.435934,1.4,1522415334,924,5.893345,4.2
MET,MetLife Inc.,Financials,44.28,8.52,3.4587116,0.63,48679364276,8715,1.496864,0.85
MTD,Mettler Toledo,Health Care,61,35.56,,14.24,1642774443,,8.37237,31.69
MGM,MGM Resorts International,Consumer Discretionary,33.5,29.65,1.2687428,1.92,19633674337,66676,2.2276719,3.9
KORS,Michael Kors Holdings,Consumer Discretionary,6.3,14.29,,3.31,15391923,268385,3.1455927,5.4
MCHP,Microchip Technology,Information Technology,79.9,21.77,1.7512966,0.66,1939395636,4566,7.4475183,5.9
MU,Micron Technology,Information Technology,4,9.1,,4.36,48576791974,997492,2.191286,2.2
MSFT,Microsoft Corp.,Information Technology,85.1,25.76,1.874798,2.97,6.90E+11,12541,7.113967,9.49
MAA,Mid-America Apartments,Real Estate,85.39,14.38,4.19652,2.86,999262899,4179,6.629175,1.6
MHK,Mohawk Industries,Consumer Discretionary,256.57,19.8,,12.48,19897356456,871483,2.7977824,2.88
TAP,Molson Coors Brewing Company,Consumer Staples,74.51,17.66,2.1533613,9.27,12396862128,175393,1.2371694,1.34
MDLZ,Mondelez International,Consumer Staples,42.68,19.85,1.9977299,1.91,65827817742,4784,2.57869,2.52
MON,Monsanto Co.,Materials,119.8,21.53,1.793879,5.9,5376824328,4355,3.589782,7.96
MNST,Monster Beverage,Consumer Staples,61.99,42.17,,1.19,364383115,4217,14.152587,9.56
MCO,Moody's Corp,Financials,152.14,26.55,1.11465,1.35,3189978,1229478,9.932974,73.84
MS,Morgan Stanley,Financials,51.79,14.23,1.833185,3.9,975354,1238,2.2258842,1.33
MSI,Motorola Solutions Inc.,Information Technology,98.74,19.3,2.266979,-1.8,1662639679,,2.692634,6.81
MYL,Mylan N.V.,Health Care,39.25,8.35,,0.93,21698849265,1629,2.5358944,1.63
NDAQ,"Nasdaq, Inc.",Financials,75.21,17.78,1.9671283,4.32,1284434115,31133,3.259183,2.25
NOV,National Oilwell Varco Inc.,Energy,32.64,-77.71,0.5873715,-6.4,129496785,1212,2.529634,0.91
NAVI,Navient,Financials,13.38,7.56,4.558444,1.1,369269133,353,0.6986579,1.2
NTAP,NetApp,Information Technology,55.85,26.1,1.3881658,1.81,1537521915,,3.668726,5.46
NFLX,Netflix Inc.,Information Technology,25.1,2.8,,1.25,1148544842,175,9.861594,3.8
NWL,Newell Brands,Consumer Discretionary,27.91,9.72,3.1228786,1.17,14438346,8928,1.281479,1.1
NFX,Newfield Exploration Co,Energy,26.38,13.12,,-6.5,56951238,2214,4.73259,4.51
NEM,Newmont Mining Corporation,Materials,36.61,26.34,0.811539,-1.18,19749449484,896,3.776392,1.81
NWSA,News Corp. Class A,Consumer Discretionary,15.65,43.47,1.24533,-1.28,935696461,159,1.5518167,0.85
NWS,News Corp. Class B,Consumer Discretionary,15.85,44.3,1.2269939,-1.28,9496735699,679,1.5718216,0.86
NEE,NextEra Energy,Utilities,145.29,21.65,2.6537917,11.39,6966117777,679,4.91698,2.75
NLSN,Nielsen Holdings,Industrials,33.9,18.73,3.628732,1.39,13377678,918,2.7288198,3.2
NKE,Nike,Consumer Discretionary,62.49,24.9,1.2189548,2.51,16776113744,1836,3.549932,8.91
NI,NiSource Inc.,Utilities,22.51,19.57,3.378859,1.2,7776566371,5162,2.2361343,1.82
NBL,Noble Energy Inc,Energy,25.43,15.96,1.477149,-2.32,13177325251,14486,4.6976447,1.44
JWN,Nordstrom,Consumer Discretionary,47.23,15.4,3.2285,2.2,821259855,-518,0.7463415,9.1
NSC,Norfolk Southern Corp.,Industrials,136.89,2.65,2.1853,18.73,4543547441,1448,3.852598,3.9
NTRS,Northern Trust Corp.,Financials,96.2,19.96,1.6678249,4.92,229813223,4737,4.31728,2.44
NOC,Northrop Grumman Corp.,Industrials,324.1,24.4,1.33859,11.47,58782413951,,2.29576,7.96
NCLH,Norwegian Cruise Line,Consumer Discretionary,56.1,15.35,,2.78,1319157318,3884,3.26614,2.35
NRG,NRG Energy,Utilities,24,17.78,1.4195584,-2.23,833623,152941,0.993321,6.73
NUE,Nucor Corp.,Materials,6.38,17.1,2.415766,4.1,23317128,1774,0.99837583,2.34
NVDA,Nvidia Corporation,Information Technology,217.52,82.8,0.26223776,2.57,1386528,2648729,2.94294,2.39
ORLY,O'Reilly Automotive,Consumer Discretionary,252.22,21.91,,1.73,2143378186,398,3.1934319,34.12
OXY,Occidental Petroleum,Energy,68.47,195.63,4.481864,-0.75,53467692395,1965187,6.44895,
OMC,Omnicom Group,Consumer Discretionary,75.91,15.27,3.1838684,4.79,17377551986,525,1.5327156,6.66
OKE,ONEOK,Energy,54.4,34,5.4436197,1.66,21988472489,2366,2.6159565,4.3
ORCL,Oracle Corp.,Information Technology,46.84,18.81,1.5551463,2.2,223234974,1851783,5.2561646,3.56
PCAR,PACCAR Inc.,Industrials,66.98,15.72,1.455816,4.75,2415212921,16545,1.28693,3.7
PKG,Packaging Corporation of America,Materials,111.95,18.57,2.1514556,7.7,1151273948,36192,1.741522,5.54
PH,Parker-Hannifin,Industrials,174.51,21.6,1.441833,7.24,2442166859,12149,1.8652664,4.39
PDCO,Patterson Companies,Health Care,32.88,14.5,3.723782,1.79,3297924,29289,0.7872792,2.34
PAYX,Paychex Inc.,Information Technology,61.86,27.49,3.89281,2.26,2325366681,359644,7.248487,11.77
PYPL,PayPal,Information Technology,72.32,49.53,,1.47,978,14149,6.935696,5.81
PNR,Pentair Ltd.,Industrials,66.67,18.89,2.3933,3.63,1246666892,2932,2.5191512,2.48
PBCT,People's United Financial,Financials,18.56,18.2,3.59375,0.97,6527616,8637,3.927274,1.17
PEP,PepsiCo Inc.,Consumer Staples,11.15,21.51,2.83744,4.36,1614132712,,3.67562,
PKI,PerkinElmer,Health Care,72.6,24.68,0.3695394,2.64,8351767268,12843,3.7116463,3.25
PRGO,Perrigo,Health Care,84.44,,0.73126143,-28.1,1232637992,445658,3.38567,2.3
PFE,Pfizer Inc.,Health Care,33.63,12.69,3.8879359,3.51,2855541949,,4.2885,3.4
PCG,PG&E Corp.,Utilities,38.24,8.75,,2.78,239412381,2569,1.573644,1.9
PM,Philip Morris International,Consumer Staples,1.39,22.36,4.328479,4.48,1535867183,6471,2.7574685,1318.7
PSX,Phillips 66,Energy,92.44,21.11,2.928564,9.93,4799622,1182,0.47499472,2.12
PNW,Pinnacle West Capital,Utilities,74.34,16.6,3.698776,3.95,839769889,5311,2.993127,1.65
PXD,Pioneer Natural Resources,Energy,169.16,118.29,0.1816118,-3.39,29983119693,1614399,6.789477,2.76
PNC,PNC Financial Services,Financials,149.38,17.55,1.9354838,1.4,73315,1717,4.4653,1.53
RL,Polo Ralph Lauren Corp.,Consumer Discretionary,11.32,17.74,1.85712,-1.19,875343477,,1.3948758,2.44
PPG,PPG Industries,Materials,11.3,18.73,1.5771489,6.31,2943337549,561,1.955151,4.83
PPL,PPL Corp.,Utilities,29.52,12.83,5.2196894,2.79,2839814845,2585,3.749753,1.95
PX,Praxair Inc.,Materials,144.7,24.63,2.1998534,4.32,4294866423,3937,3.887915,6.88
PCLN,Priceline.com Inc,Consumer Discretionary,186.6,24.26,,42.66,91817448863,3632,9.176564,6.92
PFG,Principal Financial Group,Financials,6.38,11.96,3.1914895,4.5,18457199721,483487,1.7167546,1.53
PG,Procter & Gamble,Consumer Staples,8.22,2.46,3.374789,5.6,26318943299,,3.15954,3.85
PGR,Progressive Corp.,Financials,51.7,2.76,2.161797,2.73,316278,17249,1.1458876,3.25
PLD,Prologis,Real Estate,58.33,2.76,2.931379,3.6,31953288,,14.38373,2.11
PRU,Prudential Financial,Financials,13.38,9.99,2.6985698,9.73,471368,2969194,1.83727,0.93
PEG,Public Serv. Enterprise Inc.,Utilities,46.73,16.11,3.6587,1.75,241385331,,3.4491453,1.88
PSA,Public Storage,Real Estate,18.49,18.21,4.316159,6.81,32258539942,3613,16.16417,6.56
PHM,Pulte Homes Inc.,Consumer Discretionary,28.67,12.86,1.23618,1.44,8792572352,192483,1.341544,1.99
PVH,PVH Corp.,Consumer Discretionary,142.68,2.98,0.1529455,6.77,11478625926,992811,1.7617522,2.14
QRVO,Qorvo,Information Technology,76.85,19.71,,-0.13,9877885146,1575,3.389142,1.98
QCOM,QUALCOMM Inc.,Information Technology,62.42,16.51,3.555351,1.65,9628282892,86875,4.263658,3.82
PWR,Quanta Services Inc.,Industrials,33.51,17.54,,1.28,533131216,4191,0.77893436,1.43
DGX,Quest Diagnostics,Health Care,96.42,17.7,1.9884669,5.5,135783,64944,1.779883,2.82
RRC,Range Resources Corp.,Energy,12.82,35.61,0.697561,-2.79,325558797,1453,1.9624339,0.59
RJF,Raymond James Financial Inc.,Financials,86.6,16.94,1.982976,4.12,132162717,8295,1.9734555,2.34
RTN,Raytheon Co.,Industrials,198.74,25.78,1.5612764,6.95,596625584,,2.2938328,5.28
O,Realty Income Corporation,Real Estate,47.56,15.54,5.37236,1.12,13784942453,3868,15.58869,1.92
RHT,Red Hat Inc.,Information Technology,124.65,79.9,,1.68,22799923883,175568,8.2277,15.69
REG,Regency Centers Corporation,Real Estate,55.58,15.27,3.685338,1.43,9858367494,54189,13.762162,1.51
REGN,Regeneron,Health Care,322.62,27.93,,7.74,3595369241,487636,8.48541,5.89
RF,Regions Financial Corp.,Financials,17.9,17.9,1.8987342,1,21564,24316,3.474771,1.32
RSG,Republic Services Inc,Industrials,62.72,26.13,2.1362228,1.77,215993863,,2.8841186,2.83
RMD,ResMed,Health Care,89.26,31.54,1.512423,2.41,13233622689,2734,6.164687,6.61
RHI,Robert Half International,Industrials,52.26,2.18,1.775773,2.32,747165475,636942,1.33342,5.98
ROK,Rockwell Automation Inc.,Industrials,178.73,26.48,1.7692552,6.35,24123216432,565196,3.76594,1.94
COL,Rockwell Collins,Industrials,133.31,22.29,0.9748892,4.8,2219787556,13232,3.781273,3.46
ROP,Roper Technologies,Industrials,259.4,27.57,0.61985797,9.38,27247789759,1696,5.971595,4.23
ROST,Ross Stores,Consumer Discretionary,75.6,26.52,0.826183,2.83,298356636,155529,2.9734495,1.28
RCL,Royal Caribbean Cruises Ltd,Consumer Discretionary,122.45,16.26,1.8674136,7.53,27418147452,22479,3.126611,2.56
SPGI,"S&P Global, Inc.",Financials,173.31,27.38,1.94756,7.95,4658595,287639,1.25474,5.56
CRM,Salesforce.com,Information Technology,14.3,52.15,,0.27,79489115,321,1.3738785,8.81
SBAC,SBA Communications,Real Estate,159.85,199.81,,0.62,1957231314,92584,15.18927,91.4
SCG,SCANA Corp,Utilities,35.6,8.75,6.683335,4.16,5229448882,17424,1.65175,0.92
SLB,Schlumberger Ltd.,Energy,67.4,44.93,2.8673835,-1.8,96529311126,1459,3.2297828,2.64
SNI,Scripps Networks Interactive Inc.,Consumer Discretionary,86.46,16.4,1.3761468,5.18,11328642413,3222,4.37479,4.22
STX,Seagate Technology,Information Technology,47.44,11.51,5.85772,2.58,1411319772,135159,1.348558,13.33
SEE,Sealed Air,Materials,42.62,21.31,1.4427412,2.46,81938397,1811,2.4767,1.55
SRE,Sempra Energy,Utilities,13.36,19.14,3.167263,5.45,26163862235,9697,3.1533,1.98
SHW,Sherwin-Williams,Materials,387.65,26.75,0.8426688,18.61,3773994828,3763,2.527677,13.42
SIG,Signet Jewelers,Consumer Discretionary,49.38,6.65,2.473754,7.3,334275549,216668,0.7564699,1.38
SPG,Simon Property Group Inc,Real Estate,152.18,13.56,5.36875,6.25,48139839531,8527,8.754495,13.24
SWKS,Skyworks Solutions,Information Technology,99.4,16.45,1.262952,5.41,184938922,4411515,6.974437,4.25
SLG,SL Green Realty,Real Estate,9.61,14.7,3.4998922,0.88,8617714345,11229,6.58284,1.32
SNA,Snap-On Inc.,Consumer Discretionary,156.72,15.81,1.968433,9.2,949917736,795889,3.5114813,3.21
SO,Southern Co.,Utilities,43.4,15.78,5.353226,2.53,43497224128,9822,2.5862,1.82
LUV,Southwest Airlines,Industrials,55.63,15.89,0.86377,5.82,34351211637,612,1.6294897,3.84
SWK,Stanley Black & Decker,Consumer Discretionary,152.86,2.57,1.5775635,8.5,244963996,4533,1.944325,3.34
SBUX,Starbucks Corp.,Consumer Discretionary,53.77,25.98,2.23452,1.97,76548976,22646,3.4392443,13.36
STT,State Street Corp.,Financials,98.54,15.35,1.6228749,5.23,38591133,73615,3.26372,1.95
SRCL,Stericycle Inc,Industrials,7.55,16.26,,2.8,621856288,,2.267324,2.15
SYK,Stryker Corp.,Health Care,148.1,23.46,1.22348,2.68,575996756,3585,4.635566,5.54
STI,SunTrust Banks,Financials,65.8,16.25,2.318546,4.48,3249894831,2863,3.389445,1.38
SYMC,Symantec Corp.,Information Technology,25.59,39.37,1.1286682,-0.17,1652497264,,3.5516493,3.36
SYF,Synchrony Financial,Financials,34.98,13.35,1.6,2.41,2889375,1227,2.196623,1.97
SNPS,Synopsys Inc.,Information Technology,82.62,67.72,,0.87,1276767883,,6.276264,3.98
SYY,Sysco Corp.,Consumer Staples,57,22.98,2.4644873,2.8,344532778,579844,0.7295535,13.4
TROW,T. Rowe Price Group,Financials,11.99,19.92,2.14443,4.75,258186535,2988725,7.3911157,4.61
TPR,"Tapestry, Inc.",Consumer Discretionary,48.85,,,2.9,14247199374,22814,4.785494,4.35
TGT,Target Corp.,Consumer Discretionary,71.11,14.19,3.3856654,4.71,39816696539,,0.847394,3.45
TEL,TE Connectivity Ltd.,Information Technology,95.27,19.72,1.662645,4.71,34983666316,715,2.5734365,3.6
FTI,TechnipFMC,Energy,29.1,18.77,1.76367,,1416364455,2797,1.561575,1.6
TXN,Texas Instruments,Information Technology,97.66,24.5,2.4318495,3.6,126252647,54167833.42,6.9572234,9.32
TXT,Textron Inc.,Industrials,55.54,22.13,0.1381454,1.14,15254672353,713,1.645695,2.57
BK,The Bank of New York Mellon Corp.,Financials,53.29,14.76,1.734737,3.73,56839496,1454,3.3834257,1.49
CLX,The Clorox Company,Consumer Staples,127.76,23.44,2.6286967,5.33,16544182,,2.798683,21.62
COO,The Cooper Companies,Health Care,223.17,22.96,0.2633757,7.52,1129795814,1295,6.8538465,3.57
HSY,The Hershey Company,Consumer Staples,97.65,2.51,2.6494346,3.66,28672722,6157,2.8396711,25.64
MOS,The Mosaic Company,Materials,24.13,23.66,0.396396,0.85,9726962131,144123,1.8161958,0.94
TRV,The Travelers Companies Inc.,Financials,135.1,16.48,2.261714,7.31,3893131815,11651,1.33382,1.63
DIS,The Walt Disney Company,Consumer Discretionary,11.35,17.78,1.636655,5.7,1.58E+11,,3.9635563,3.82
TMO,Thermo Fisher Scientific,Health Care,198.73,21.84,0.3276319,5.6,83226586345,12544,4.15666,3.38
TIF,Tiffany & Co.,Consumer Discretionary,99.62,27,1.94246,3.55,128151532,47513,4.516748,3.97
TWX,Time Warner Inc.,Consumer Discretionary,93.2,15.35,1.6927768,6.62,741858,9495,2.3735986,2.73
TJX,TJX Companies Inc.,Consumer Discretionary,74.36,21.1,1.6442,3.46,4818145881,7671,1.9293598,1.35
TMK,Torchmark Corp.,Financials,8.52,17.2,0.724611,4.5,9614412169,46216,3.179664,1.88
TSS,Total System Services,Information Technology,81.17,25.85,0.691133,3.16,15694951118,,3.175548,6.57
TSCO,Tractor Supply Company,Consumer Discretionary,65.94,19.57,1.63874,3.3,845927123,197534,1.1642125,6.1
TDG,TransDigm Group,Industrials,283,23.76,,7.92,1524123731,859519,4.268832,
TRIP,TripAdvisor,Consumer Discretionary,4.5,58.4,,0.81,5799858,1635916,4.5925775,3.49
FOXA,Twenty-First Century Fox Class A,Consumer Discretionary,34.56,17.81,0.9983361,1.59,442794922,234,2.18317,4.11
FOX,Twenty-First Century Fox Class B,Consumer Discretionary,34.9,17.57,1.8434,1.59,6613531353,528,3.1654842,4.4
TSN,Tyson Foods,Consumer Staples,73.92,13.92,1.6353229,4.79,269575268,528,0.9373986,2.55
USB,U.S. Bancorp,Financials,52.65,15.35,2.189781,3.52,994115897,2521,3.7773547,2.9
UDR,UDR Inc,Real Estate,32.92,17.79,3.668639,1.8,95154422,,12.365829,3.27
ULTA,Ulta Salon Cosmetics & Fragrance Inc,Consumer Discretionary,29.9,32.7,,6.52,133127,665141,3.3779113,8.4
UAA,Under Armour Class A,Consumer Discretionary,13.14,32.5,,0.45,5856913571,1293,1.6238,2.72
UA,Under Armour Class C,Consumer Discretionary,11.95,29.15,,0.45,536662895,399277,1.4738787,2.5
UNP,Union Pacific,Industrials,124.86,22.6,2.62655,13.52,1151329382,399277,4.86575,
UAL,United Continental Holdings,Industrials,63.37,8.85,,7.5,1936359152,1169,0.52496,2.9
UNH,United Health Group Inc.,Health Care,216.46,21.47,1.3284917,1.71,2.19E+11,5929,1.93316,4.71
UPS,United Parcel Service,Industrials,19.28,18.27,2.9666696,5.62,96436356833,17454,1.4744618,64.7
URI,"United Rentals, Inc.",Industrials,161.99,16.33,,15.72,1465495491,7919,2.1782618,4.53
UTX,United Technologies,Industrials,127.48,19.26,2.1216943,5.7,15387272474,276,1.7324123,3.4
UHS,"Universal Health Services, Inc.",Health Care,114.87,15.36,0.341535,7.14,1111675286,1584,1.3158662,2.21
UNM,Unum Group,Financials,47.87,11.51,1.81897,4.38,11256432318,167624,0.9984924,1.19
VFC,V.F. Corp.,Consumer Discretionary,78.75,25.9,2.2865665,2.55,3179764594,,3.711944,7.89
VLO,Valero Energy,Energy,86.77,18.74,3.5618877,9.24,3931239113,1624441,0.4211918,1.93
VAR,Varian Medical Systems,Health Care,112.82,29.93,,2.69,169268172,541,3.9652252,7.32
VTR,Ventas Inc,Real Estate,5.92,12.21,5.965641,1.86,1886599982,56,7.74495,1.76
VRSN,Verisign Inc.,Information Technology,15.62,29.5,,3.43,1754983829,1935931,12.41829,1.82
VRSK,Verisk Analytics,Industrials,92.28,28.84,,3.45,15594677147,767864,9.935474,9.34
VZ,Verizon Communications,Telecommunication Services,49.4,13.8,4.626544,7.36,289227744,1112,1.6452544,7.96
VRTX,Vertex Pharmaceuticals Inc,Health Care,151.6,252.67,,1.4,39369386348,45745,16.18544,21.91
VIAB,Viacom Inc.,Consumer Discretionary,32.71,8.68,2.62291,4.68,161817,97562,1.924768,2.8
V,Visa Inc.,Information Technology,113.86,32.72,0.724765,2.8,2738723213,56,14.433654,9.4
VNO,Vornado Realty Trust,Real Estate,66.18,16.22,3.744428,4.33,12778779911,1386,7.14913,3.63
VMC,Vulcan Materials,Materials,121.47,4.9,0.7797879,3.1,16964162228,,5.7576876,3.54
WMT,Wal-Mart Stores,Consumer Staples,1.2,23.1,1.983471,4.39,3468931618,97976,0.8299426,3.89
WBA,Walgreens Boots Alliance,Consumer Staples,68.22,13.38,2.2368238,3.78,7862541911,3721,0.594388,3.6
WM,Waste Management Inc.,Industrials,79.12,25.36,2.8195,2.66,35488486675,783,3.2787669,6.73
WAT,Waters Corporation,Health Care,191.79,26.64,,0.19,166478572,3896,6.9824114,6.15
WEC,Wec Energy Group Inc,Utilities,59.5,19.57,3.691948,3.79,1889296993,773932,2.4834197,2.1
WFC,Wells Fargo,Financials,55.4,13.58,2.7111576,4.7,28146362775,27365,2.8728192,1.58
HCN,Welltower Inc.,Real Estate,54.67,12.74,6.1538463,2.81,294367919,,6.725218,1.49
WDC,Western Digital,Information Technology,8.9,1.19,2.38921,1.29,2476297793,198253,1.24553,2
WU,Western Union Co,Information Technology,18.81,1.17,3.5915854,0.51,89516927,5169,2.22677,12.65
WRK,WestRock Company,Materials,6.93,23.26,2.6699784,2.77,1643334688,6946,1.75785,1.58
WY,Weyerhaeuser Corp.,Real Estate,33.6,34.29,3.779954,0.77,26729796,22623,3.6396794,2.9
WHR,Whirlpool Corp.,Consumer Discretionary,164.95,11.77,2.5652986,4.51,1217792,1365,0.5864795,2.57
WMB,Williams Cos.,Energy,28.56,48.41,4,-0.57,248239647,1842,4.2982845,3.1
WLTW,Willis Towers Watson,Financials,152.36,18.67,1.34758,3.7,278269334,3955,3.4484663,2.1
WYN,Wyndham Worldwide,Consumer Discretionary,113.56,18.77,1.9541779,5.53,11993835688,144,2.733282,18.91
WYNN,Wynn Resorts Ltd,Consumer Discretionary,169.28,31.7,1.127943,7.27,182254525,1232,2.478658,51.69
XEL,Xcel Energy Inc,Utilities,42.44,18.14,3.3914273,2.21,21559611927,15131,2.52456,1.94
XRX,Xerox Corp.,Information Technology,29.8,8.87,3.27184,0.59,793883334,3885828,0.7877656,1.49
XLNX,Xilinx Inc,Information Technology,62.82,27.19,2.94882,2.32,1764975551,1191,7.1126,7.22
XL,XL Capital,Financials,41.26,-19.93,2.952382,-2.24,175342359,845468,0.84394187,0.97
XYL,Xylem Inc.,Industrials,7.24,3.94,1.17794,1.83,1291521,,2.726294,5.31
YUM,Yum! Brands Inc,Consumer Discretionary,76.3,27.25,1.797798,4.7,2733398,722,6.3136363,212.8
ZBH,Zimmer Biomet Holdings,Health Care,115.53,14.32,0.7948336,9.1,24454698119,2289,3.1648953,2.39
ZION,Zions Bancorp,Financials,5.71,17.73,1.48933,2.6,16767864,274,3.7945793,1.42
ZTS,Zoetis,Health Care,71.51,32.8,0.6823723,1.65,3599119776,1734,9.28896,18.9
